Cart Page	1:13	Cart_One Product	2128	1120
Cart Page	1:151	Cart_MultipleProducts	2128	1564
Sign In / Register / Forgot Password	14:9	Login	1280	1276
Sign In / Register / Forgot Password	14:57	Login_ErrorState	1280	1276
Sign In / Register / Forgot Password	14:106	New Account	1280	1276
Sign In / Register / Forgot Password	14:156	Reset Password	1280	1276
Sign In / Register / Forgot Password	14:198	Reset Password_ConfirmationState	1280	1276
Sign In / Register / Forgot Password	14:242	Login_Mobile	375	1321
Sign In / Register / Forgot Password	14:279	Login_ErrorState_Mobile	375	1321
Sign In / Register / Forgot Password	14:317	New Account_Mobile	375	1321
Sign In / Register / Forgot Password	14:353	Reset Password_Mobile	375	1321
Sign In / Register / Forgot Password	14:384	Reset Password_ConfirmationState_Mobile	375	1321
Contact Us	14:425	Login	1280	1276
Contact Us	14:494	Login_Mobile	375	1492
Blog	15:560	Blog_Desktop_ListPage	1280	1927
Blog	15:651	Blog_Desktop_BlogPage	1280	2600
Blog	15:736	Overview_NewPDP	375	2282
Blog	15:783	BlogPage_Mobile	375	2686
